shipment_id,region,transport_mode,shipment_volume_kg,distance_km,traffic_level,weather,transportation_cost,delivery_time_hours,delay_hours,on_time
S0001,North,Road,233.6,142.4,Medium,Clear,2084.12,7.98,0.92,1
S0002,West,Rail,54.6,564.8,Low,Clear,727.22,15.3,2.39,0
S0003,East,Road,141.2,314.3,Medium,Rain,1524.77,18.43,6.04,0
S0004,South,Road,288.2,372.3,Low,Cloudy,2714.84,13.85,0.78,1
S0005,South,Road,122.4,735.6,Low,Clear,1588.82,25.14,1.56,1
S0006,West,Rail,314.7,155.6,Low,Clear,1917.47,3.98,0.19,1
S0007,North,Rail,331.7,220.9,Medium,Clear,2028.88,12.09,0.0,1
S0008,East,Road,287.5,415.5,Low,Cloudy,2746.83,15.13,0.22,1
S0009,North,Road,372.7,558.8,Low,Clear,3520.37,23.9,1.05,1
S0010,North,Road,88.0,243.4,Low,Rain,1067.99,8.78,2.27,0
S0011,East,Road,416.1,251.5,High,Rain,3641.58,16.1,7.38,0
S0012,West,Rail,132.5,489.7,Medium,Clear,1214.62,14.32,3.33,0
S0013,East,Road,260.7,1031.8,Low,Cloudy,2845.66,31.03,2.2,0
S0014,West,Road,598.9,364.0,Low,Clear,5206.18,15.87,0.0,1
S0015,East,Air,198.9,220.5,Medium,Clear,3399.74,3.45,2.01,0
S0016,West,Road,248.3,184.3,Low,Cloudy,2281.35,9.84,0.51,1
S0017,East,Road,132.9,322.6,Medium,Clear,1380.16,15.55,1.88,1
S0018,North,Road,595.7,545.0,Medium,Clear,5283.92,20.39,2.11,0
S0019,West,Road,141.4,1276.7,High,Clear,2169.88,39.48,8.95,0
S0020,South,Road,347.5,292.8,Low,Clear,3100.43,12.8,0.0,1
S0021,East,Road,468.1,364.3,Medium,Clear,4129.07,16.79,1.7,1
S0022,South,Road,365.7,814.3,Low,Cloudy,3528.92,25.75,2.16,0
S0023,North,Road,297.3,411.8,High,Rain,2758.05,22.29,6.65,0
S0024,West,Road,258.5,393.1,High,Cloudy,2549.15,19.84,6.67,0
S0025,West,Road,111.4,730.6,Medium,Rain,1436.02,26.55,6.62,0
S0026,East,Road,581.3,369.1,Medium,Clear,5007.33,15.62,2.02,0
S0027,South,Road,284.0,193.4,Low,Rain,2471.06,10.16,2.39,0
S0028,West,Road,248.3,651.4,High,Clear,2483.0,23.28,4.83,0
S0029,East,Rail,126.2,128.4,Medium,Clear,812.9,4.53,1.5,1
S0030,South,Rail,255.2,593.1,Low,Rain,1867.99,14.13,2.94,0
S0031,South,Road,239.6,348.5,Medium,Clear,2442.46,14.16,1.73,1
S0032,North,Road,598.9,294.6,Medium,Clear,5113.06,12.19,2.1,0
S0033,North,Road,248.3,290.3,High,Clear,2234.39,16.11,5.29,0
S0034,East,Road,252.9,321.9,Medium,Clear,2429.74,14.07,0.47,1
S0035,West,Road,127.2,270.8,Medium,Clear,1306.56,10.25,0.38,1
S0036,North,Road,158.1,444.8,Medium,Clear,1760.9,19.43,0.28,1
S0037,West,Road,325.3,276.3,Low,Rain,2918.85,11.68,3.87,0
S0038,West,Road,78.1,101.9,Medium,Clear,826.1,6.23,1.93,1
S0039,South,Road,414.9,349.9,Low,Clear,3681.86,12.27,0.79,1
S0040,East,Road,421.0,98.1,Medium,Clear,3643.63,3.04,0.0,1
S0041,North,Rail,148.4,348.6,Medium,Rain,1130.9,12.1,6.63,0
S0042,West,Road,297.9,267.7,Medium,Clear,2683.12,13.7,1.19,1
S0043,East,Air,476.4,569.8,Low,Clear,7866.65,1.0,0.2,1
S0044,South,Road,228.8,301.6,Low,Clear,2106.33,12.4,1.22,1
S0045,North,Rail,205.2,525.6,Medium,Cloudy,1557.96,18.38,2.01,0
S0046,West,Air,219.8,493.7,Low,Cloudy,3760.17,3.14,0.24,1
S0047,South,Air,283.6,501.0,Low,Cloudy,4826.92,4.61,1.12,1
S0048,West,Rail,170.2,307.6,Medium,Cloudy,1275.99,13.55,6.24,0
S0049,East,Rail,195.3,361.4,Medium,Clear,1411.0,10.04,1.99,1
S0050,West,Road,286.7,438.3,Medium,Clear,2747.13,17.94,4.19,0
S0051,West,Rail,186.2,367.5,Medium,Clear,1346.79,9.71,3.07,0
S0052,North,Road,120.6,301.9,High,Clear,1375.18,14.89,4.73,0
S0053,South,Road,74.0,204.0,Low,Clear,935.06,5.61,0.0,1
S0054,South,Road,251.0,352.2,Medium,Clear,2406.25,14.52,3.26,0
S0055,South,Rail,460.4,137.1,High,Clear,2700.5,13.04,2.35,0
S0056,North,Road,306.2,93.8,Medium,Cloudy,2722.46,7.56,4.45,0
S0057,East,Road,123.4,177.1,Medium,Clear,1240.43,6.36,1.87,1
S0058,North,Road,157.4,497.9,Medium,Cloudy,1639.13,16.22,0.0,1
S0059,East,Road,204.3,397.5,Medium,Cloudy,2056.14,16.83,2.66,0
S0060,East,Road,609.3,500.6,Medium,Clear,5359.76,21.73,3.35,0
S0061,West,Road,627.3,232.7,Medium,Clear,5386.36,11.49,1.46,1
S0062,East,Road,587.6,601.2,Low,Cloudy,5159.96,17.97,2.4,0
S0063,South,Road,265.3,146.9,Low,Cloudy,2333.34,8.55,0.0,1
S0064,West,Road,1036.1,181.0,Medium,Clear,8593.64,8.74,0.06,1
S0065,South,Road,162.0,595.6,Low,Clear,1799.67,16.84,0.46,1
S0066,South,Road,200.1,381.8,Medium,Cloudy,1887.07,13.44,2.84,0
S0067,West,Road,397.6,502.2,Medium,Cloudy,3657.64,21.81,3.05,0
S0068,South,Road,287.6,398.4,High,Clear,2598.04,12.9,5.6,0
S0069,North,Road,296.7,252.1,Low,Clear,2640.27,10.39,0.0,1
S0070,South,Air,135.9,168.4,Medium,Rain,2453.41,6.8,4.7,0
S0071,West,Air,238.7,108.8,Medium,Clear,4040.06,3.81,1.71,1
S0072,North,Road,163.4,851.5,Low,Rain,1888.66,31.13,2.52,0
S0073,South,Road,106.7,125.4,Low,Clear,1084.45,3.73,0.0,1
S0074,North,Road,174.8,717.4,Low,Clear,1975.31,19.38,0.76,1
S0075,East,Rail,287.6,370.3,Low,Clear,1977.15,8.45,2.38,0
S0076,South,Road,362.8,405.2,Low,Clear,3278.15,13.57,0.98,1
S0077,South,Rail,72.4,390.7,Medium,Rain,745.14,13.63,2.54,0
S0078,North,Road,245.0,468.6,Medium,Clear,2482.91,13.37,0.0,1
S0079,East,Road,232.6,219.8,Low,Rain,2141.08,8.88,3.58,0
S0080,East,Road,279.4,86.2,Low,Clear,2502.33,7.09,0.0,1
S0081,West,Rail,124.8,249.0,Low,Rain,884.67,9.69,4.07,0
S0082,South,Road,126.3,447.2,Medium,Rain,1426.94,20.26,4.09,0
S0083,North,Road,467.1,182.1,Low,Cloudy,3925.68,7.22,1.32,1
S0084,West,Rail,149.6,609.2,Medium,Clear,1234.93,14.13,2.97,0
S0085,East,Road,194.6,325.2,Low,Cloudy,1961.82,15.25,0.78,1
S0086,East,Road,206.1,172.2,Low,Clear,1920.77,6.12,0.0,1
S0087,North,Road,165.2,379.7,High,Rain,1692.88,20.02,7.43,0
S0088,South,Rail,319.8,443.1,Low,Clear,2045.48,12.47,0.85,1
S0089,West,Road,305.2,460.7,Low,Clear,2862.85,12.53,0.19,1
S0090,West,Air,226.8,47.3,Low,Clear,3737.98,1.0,1.17,1
S0091,South,Road,170.8,595.9,High,Cloudy,1928.21,24.7,5.42,0
S0092,West,Air,216.8,140.1,Medium,Rain,3473.07,7.77,2.73,0
S0093,West,Rail,256.5,596.4,Medium,Clear,1796.07,15.91,4.47,0
S0094,South,Road,157.5,626.1,High,Cloudy,1793.11,30.08,5.68,0
S0095,West,Rail,332.9,168.6,Low,Rain,1998.37,8.81,2.02,0
S0096,South,Rail,413.2,189.2,High,Clear,2454.89,6.21,3.82,0
S0097,North,Air,510.2,516.1,Low,Clear,8386.67,3.71,0.08,1
S0098,East,Road,493.5,277.2,Medium,Cloudy,4263.69,12.88,2.29,0
S0099,East,Road,205.3,676.3,Medium,Cloudy,2165.39,23.39,3.58,0
S0100,North,Road,263.6,778.5,Medium,Clear,2703.47,25.53,2.82,0
S0101,West,Road,224.4,172.0,High,Rain,2132.98,15.46,7.25,0
S0102,North,Road,223.9,217.2,Low,Clear,2050.4,7.6,0.0,1
S0103,West,Road,215.9,368.9,High,Rain,2106.64,22.06,9.82,0
S0104,North,Road,247.5,84.7,Medium,Rain,2216.67,8.54,4.15,0
S0105,West,Road,449.9,110.8,Medium,Rain,3925.96,8.33,5.02,0
S0106,West,Road,292.4,202.9,High,Clear,2614.28,19.99,3.05,0
S0107,West,Rail,121.5,924.1,Low,Clear,1372.79,17.23,0.01,1
S0108,East,Rail,403.8,400.5,High,Clear,2567.79,15.5,3.53,0
S0109,South,Road,277.3,238.2,Medium,Clear,2525.9,7.48,3.39,0
S0110,East,Road,321.8,188.3,Medium,Cloudy,2846.38,10.71,1.88,1
S0111,South,Air,289.3,167.4,Low,Clear,4738.12,1.0,0.91,1
S0112,West,Road,296.6,248.3,Medium,Clear,2675.29,10.06,0.85,1
S0113,East,Road,304.1,240.2,Medium,Clear,2791.89,13.12,1.33,1
S0114,South,Road,81.7,305.9,Medium,Clear,1014.55,13.59,1.62,1
S0115,East,Road,319.6,454.8,Low,Clear,2999.88,15.22,1.96,1
S0116,East,Road,161.5,332.9,Low,Cloudy,1593.21,7.86,0.0,1
S0117,North,Rail,185.9,532.8,High,Cloudy,1386.51,22.73,4.24,0
S0118,North,Road,246.4,293.6,Low,Clear,2430.57,7.1,0.0,1
S0119,North,Road,553.3,810.9,Medium,Rain,5042.61,32.2,4.8,0
S0120,North,Rail,134.1,525.8,High,Rain,1123.9,22.81,6.65,0
S0121,South,Rail,241.8,394.5,Low,Clear,1733.05,10.44,0.0,1
S0122,East,Road,213.0,455.6,Low,Cloudy,2150.08,13.11,0.27,1
S0123,East,Road,400.7,252.3,Medium,Clear,3556.16,11.47,0.0,1
S0124,South,Road,209.6,303.1,Low,Clear,2015.91,8.94,0.0,1
S0125,West,Road,279.1,296.5,Medium,Clear,2558.35,12.37,3.26,0
S0126,East,Road,134.3,222.0,Medium,Clear,1367.17,9.79,2.11,0
S0127,North,Air,437.2,150.6,Medium,Rain,6963.38,3.3,4.55,0
S0128,West,Road,101.4,469.2,Medium,Rain,1244.42,22.32,4.11,0
S0129,East,Road,317.3,578.8,Medium,Rain,3053.02,22.55,3.49,0
S0130,East,Rail,280.0,433.1,Medium,Cloudy,1975.98,12.31,1.34,1
S0131,East,Road,302.7,332.4,Low,Cloudy,2789.15,10.51,0.89,1
S0132,East,Air,102.3,1009.5,Medium,Rain,2192.5,10.23,5.39,0
S0133,North,Rail,207.2,236.4,High,Clear,1382.29,10.33,5.01,0
S0134,East,Road,390.2,401.9,Medium,Clear,3673.32,10.11,2.39,0
S0135,West,Road,598.1,624.3,Medium,Cloudy,5355.82,22.82,2.67,0
S0136,South,Air,231.8,177.9,Low,Clear,3826.15,3.48,0.03,1
S0137,East,Rail,370.6,488.9,Low,Clear,2408.53,10.45,0.0,1
S0138,North,Air,265.3,839.9,Low,Clear,4713.28,1.09,0.0,1
S0139,South,Road,238.5,348.0,Low,Cloudy,2204.94,12.35,3.53,0
S0140,South,Rail,193.9,382.2,High,Clear,1379.33,11.73,1.92,1
S0141,West,Road,247.1,237.3,Low,Clear,2292.35,5.98,0.0,1
S0142,North,Road,353.0,452.8,High,Clear,3150.07,18.26,6.01,0
S0143,South,Road,368.7,218.8,Low,Clear,3186.74,9.61,0.0,1
S0144,South,Road,114.8,336.5,Low,Rain,1284.04,13.06,2.17,0
S0145,West,Road,184.0,139.6,Medium,Clear,1706.33,7.19,0.99,1
S0146,West,Road,130.4,63.0,Low,Cloudy,1279.56,8.96,0.63,1
S0147,North,Rail,254.0,265.2,Medium,Cloudy,1579.85,11.1,0.7,1
S0148,North,Road,203.1,262.7,High,Clear,1988.56,15.66,5.07,0
S0149,West,Road,297.2,278.4,High,Rain,2645.61,17.51,8.0,0
S0150,North,Road,308.4,517.2,Low,Cloudy,3022.01,15.3,1.93,1
S0151,West,Road,58.7,587.7,Medium,Cloudy,878.47,16.16,1.97,1
S0152,South,Air,246.0,411.3,Low,Clear,4159.12,4.92,0.1,1
S0153,West,Rail,454.7,497.5,High,Clear,2841.02,18.03,3.46,0
S0154,South,Road,184.1,222.5,Medium,Rain,1866.71,12.96,4.16,0
S0155,South,Air,181.0,192.0,Low,Cloudy,3108.43,3.07,3.48,0
S0156,East,Rail,412.9,457.8,Low,Rain,2609.83,14.94,3.21,0
S0157,North,Road,377.9,176.5,Low,Rain,3301.24,6.22,1.27,1
S0158,East,Rail,138.3,165.0,Low,Clear,933.46,3.7,0.22,1
S0159,East,Road,358.1,1300.0,High,Cloudy,3732.84,40.71,5.63,0
S0160,West,Air,156.5,360.7,Medium,Clear,2737.48,9.09,0.19,1
S0161,West,Road,179.9,262.8,High,Cloudy,1693.41,17.84,4.18,0
S0162,East,Road,138.2,245.8,Low,Clear,1442.89,3.62,0.0,1
S0163,South,Road,114.3,142.0,Medium,Clear,1110.73,4.91,2.75,0
S0164,South,Rail,262.2,406.5,Low,Cloudy,1784.59,10.1,1.6,1
S0165,South,Road,104.2,293.2,Medium,Cloudy,1103.26,12.18,3.33,0
S0166,West,Road,268.1,578.7,Low,Cloudy,2659.39,15.32,0.01,1
S0167,South,Road,263.5,465.7,Low,Clear,2517.26,18.53,0.03,1
S0168,North,Rail,226.0,287.5,Medium,Clear,1590.69,10.41,1.98,1
S0169,South,Road,189.0,97.8,Low,Rain,1763.59,8.62,1.95,1
S0170,North,Air,168.5,361.2,Medium,Clear,3058.38,3.67,1.29,1
S0171,North,Road,128.1,343.3,Medium,Clear,1352.05,15.12,2.56,0
S0172,North,Road,512.2,86.2,Low,Cloudy,4328.1,4.43,0.48,1
S0173,West,Road,220.4,436.6,High,Clear,2129.37,18.87,4.88,0
S0174,East,Road,216.3,173.0,Medium,Cloudy,1982.8,11.4,4.55,0
S0175,East,Road,142.1,595.1,High,Clear,1629.69,20.08,4.5,0
S0176,South,Rail,483.5,331.7,Medium,Rain,2836.71,17.04,6.3,0
S0177,East,Road,174.6,241.8,Medium,Rain,1642.94,14.26,5.34,0
S0178,North,Rail,282.2,389.8,Medium,Rain,1784.09,17.41,3.16,0
S0179,West,Road,312.2,376.5,High,Cloudy,2755.99,16.54,4.0,0
S0180,East,Rail,262.3,368.9,Medium,Clear,1688.76,9.18,0.62,1
S0181,West,Air,102.7,552.8,Low,Cloudy,2110.4,1.51,0.0,1
S0182,North,Rail,350.0,403.0,Low,Rain,2133.73,12.88,2.82,0
S0183,South,Road,173.6,229.5,Medium,Cloudy,1619.78,11.68,3.4,0
S0184,East,Rail,375.9,298.3,Low,Cloudy,2397.24,7.4,2.41,0
S0185,South,Road,237.5,710.5,Low,Cloudy,2435.77,19.47,2.03,0
S0186,South,Road,322.5,217.7,Low,Cloudy,2897.39,5.94,0.37,1
S0187,North,Road,466.5,432.8,Medium,Cloudy,4185.37,16.78,0.57,1
S0188,South,Road,343.0,563.8,Low,Clear,3270.53,15.81,0.55,1
S0189,North,Rail,326.7,455.8,Medium,Clear,2045.8,11.28,1.76,1
S0190,South,Road,358.5,362.4,Medium,Cloudy,3234.61,18.44,3.42,0
S0191,East,Rail,153.3,394.0,High,Clear,1104.86,14.98,6.83,0
S0192,East,Road,384.4,471.6,Low,Rain,3649.13,20.2,5.0,0
S0193,East,Rail,211.0,216.2,Medium,Cloudy,1308.39,8.26,3.47,0
S0194,South,Road,214.9,344.5,Medium,Clear,2031.04,14.1,0.8,1
S0195,West,Road,257.8,1006.4,Medium,Rain,2738.69,33.86,5.62,0
S0196,North,Rail,200.1,440.1,Medium,Cloudy,1380.26,9.77,2.41,0
S0197,South,Air,135.3,369.6,Low,Cloudy,2554.82,6.85,0.0,1
S0198,North,Road,247.1,281.5,High,Clear,2444.86,15.11,4.91,0
S0199,South,Road,215.5,217.6,Low,Rain,1997.51,12.37,3.32,0
S0200,West,Road,211.2,401.3,High,Clear,2017.69,16.91,3.15,0
S0201,South,Road,233.3,416.7,Medium,Cloudy,2152.55,16.1,4.45,0
S0202,West,Rail,62.4,331.7,Low,Clear,673.49,6.12,0.12,1
S0203,South,Rail,212.1,1226.1,Medium,Cloudy,1939.87,30.51,2.09,0
S0204,East,Road,497.6,228.7,Low,Cloudy,4250.76,9.7,0.84,1
S0205,South,Road,476.7,198.5,Medium,Cloudy,4114.95,11.53,2.98,0
S0206,South,Road,251.9,283.8,Medium,Clear,2373.02,14.96,3.19,0
S0207,West,Air,247.2,337.7,Low,Rain,4215.1,8.19,2.3,0
S0208,West,Road,53.1,211.1,Low,Cloudy,703.52,10.24,1.91,1
S0209,South,Rail,179.3,396.0,Medium,Clear,1269.57,8.57,1.85,1
S0210,West,Road,356.6,419.7,Low,Rain,3300.26,14.51,1.48,1
S0211,South,Road,197.4,502.0,High,Cloudy,2035.99,20.0,3.9,0
S0212,East,Road,421.8,258.3,Medium,Rain,3745.32,15.9,6.14,0
S0213,West,Air,408.3,678.7,Medium,Rain,6925.39,9.18,5.76,0
S0214,South,Road,177.3,483.8,Low,Rain,1786.29,14.67,3.46,0
S0215,East,Road,262.4,226.0,Medium,Cloudy,2324.62,11.03,4.4,0
S0216,South,Road,518.8,210.6,High,Cloudy,4404.68,11.26,6.17,0
S0217,North,Road,101.3,294.8,Low,Clear,1094.45,9.64,0.82,1
S0218,North,Air,199.9,420.2,Low,Clear,3551.1,1.0,0.0,1
S0219,South,Road,95.2,453.8,Low,Cloudy,1210.51,16.11,3.47,0
S0220,West,Road,146.9,483.3,Medium,Clear,1681.47,18.05,2.91,0
S0221,North,Road,600.0,971.6,Medium,Rain,5536.19,37.27,6.04,0
S0222,South,Road,199.9,115.8,Medium,Clear,1854.37,9.41,0.82,1
S0223,East,Road,71.6,326.7,Medium,Clear,998.47,12.17,2.11,0
S0224,North,Road,134.5,927.9,Low,Clear,1792.18,28.22,0.0,1
S0225,East,Road,89.2,514.4,Low,Clear,1180.27,12.46,1.04,1
S0226,South,Road,267.9,191.4,Low,Clear,2509.89,4.92,0.0,1
S0227,West,Road,309.7,385.1,High,Clear,2875.74,18.87,5.05,0
S0228,East,Road,387.2,316.0,Medium,Rain,3434.66,11.07,3.78,0
S0229,East,Road,346.3,309.7,Medium,Clear,3074.65,12.57,1.51,1
S0230,North,Road,104.3,255.5,Medium,Clear,1193.59,8.98,0.72,1
S0231,South,Road,301.3,368.1,Low,Clear,2860.89,11.91,0.0,1
S0232,West,Road,227.7,612.0,Low,Clear,2335.42,15.73,2.73,0
S0233,North,Road,417.2,268.7,Low,Clear,3737.32,10.0,1.66,1
S0234,West,Road,367.5,485.2,High,Cloudy,3278.51,21.81,6.17,0
S0235,South,Road,642.2,531.2,Medium,Cloudy,5606.71,22.56,3.5,0
S0236,East,Road,140.8,675.7,Medium,Clear,1675.83,22.3,3.62,0
S0237,East,Road,129.2,208.5,Low,Cloudy,1288.29,6.8,2.26,0
S0238,South,Road,185.7,352.2,Low,Clear,1990.42,10.73,0.0,1
S0239,South,Road,232.7,238.9,Medium,Clear,2169.35,7.83,1.53,1
S0240,East,Road,165.4,368.5,Medium,Rain,1683.45,18.09,2.79,0
S0241,North,Rail,145.2,367.1,High,Clear,1138.37,15.97,5.73,0
S0242,East,Road,290.5,179.3,Medium,Rain,2492.46,17.65,7.42,0
S0243,North,Road,185.3,380.5,Medium,Clear,1829.88,13.15,1.97,1
S0244,East,Road,161.3,997.9,Medium,Clear,2073.32,30.17,0.69,1
S0245,East,Rail,104.2,454.8,High,Clear,937.39,15.0,5.03,0
S0246,North,Road,55.8,158.3,Medium,Clear,667.88,9.13,0.54,1
S0247,West,Road,484.8,201.0,Medium,Rain,4240.97,13.63,3.82,0
S0248,South,Road,477.1,342.4,High,Clear,4258.83,16.89,5.2,0
S0249,West,Road,373.6,203.7,Low,Rain,3309.27,12.75,3.23,0
S0250,North,Road,327.4,656.4,High,Rain,3135.19,26.92,7.37,0
S0251,North,Rail,175.7,147.2,Low,Cloudy,1161.43,7.85,0.12,1
S0252,South,Rail,334.7,456.5,Medium,Clear,2127.29,13.98,2.09,0
S0253,North,Air,123.8,129.3,Medium,Clear,2115.3,4.72,1.13,1
S0254,South,Road,258.9,339.4,Medium,Clear,2380.43,12.74,0.51,1
S0255,East,Road,153.5,186.8,Medium,Cloudy,1476.75,15.75,2.59,0
S0256,North,Rail,335.4,501.4,Medium,Clear,2142.94,11.82,2.18,0
S0257,East,Road,537.5,598.3,Low,Rain,4723.06,21.4,3.4,0
S0258,North,Rail,134.2,419.6,Low,Cloudy,1120.69,8.98,0.0,1
S0259,North,Road,180.7,613.1,Low,Clear,1975.71,22.06,2.15,0
S0260,East,Road,256.2,73.6,Medium,Cloudy,2363.62,9.39,0.0,1
S0261,West,Road,76.9,377.9,Medium,Clear,966.29,12.95,1.33,1
S0262,North,Rail,91.8,453.0,Low,Rain,922.8,14.36,2.3,0
S0263,South,Road,529.1,484.7,High,Clear,4696.58,21.32,4.98,0
S0264,West,Road,291.2,107.4,Medium,Rain,2554.71,9.19,5.0,0
S0265,West,Road,170.1,438.7,Medium,Rain,1823.02,20.71,6.53,0
S0266,East,Road,241.4,490.3,Medium,Rain,2423.5,21.26,4.37,0
S0267,South,Road,186.1,375.5,Low,Clear,1893.33,12.36,0.89,1
S0268,South,Rail,260.5,159.2,Medium,Rain,1608.1,10.3,4.58,0
S0269,East,Road,190.1,254.4,Medium,Clear,1821.06,12.14,0.0,1
S0270,East,Rail,231.0,658.2,Low,Cloudy,1667.98,15.47,3.62,0
S0271,South,Rail,351.5,619.0,High,Clear,2303.92,19.38,2.92,0
S0272,North,Road,339.4,448.5,High,Clear,3107.66,18.39,5.07,0
S0273,North,Road,513.2,507.1,Medium,Clear,4502.69,21.57,3.02,0
S0274,West,Road,302.5,580.5,High,Clear,2943.47,20.97,5.11,0
S0275,South,Road,249.9,445.8,High,Clear,2490.2,20.67,4.16,0
S0276,South,Road,554.1,648.3,Low,Rain,4919.42,21.36,4.6,0
S0277,South,Air,217.7,636.9,Medium,Clear,3920.23,9.6,0.0,1
S0278,West,Air,59.2,1165.2,Medium,Cloudy,1681.58,5.75,2.45,0
S0279,North,Rail,376.0,260.5,Low,Clear,2261.7,5.12,0.0,1
S0280,North,Road,283.2,263.2,Low,Cloudy,2552.39,7.79,0.09,1
S0281,South,Road,243.5,56.5,Low,Cloudy,2192.18,5.2,1.41,1
S0282,South,Rail,381.4,428.0,Medium,Clear,2361.35,9.26,2.92,0
S0283,East,Road,191.0,898.8,Medium,Cloudy,2257.98,28.1,3.56,0
S0284,South,Road,61.0,675.5,Medium,Rain,1026.01,20.54,6.11,0
S0285,South,Road,385.4,540.8,Low,Rain,3524.91,19.76,3.54,0
S0286,West,Road,166.7,700.1,Low,Clear,1829.72,19.32,0.0,1
S0287,North,Road,137.3,457.4,Medium,Clear,1543.9,13.26,1.58,1
S0288,East,Road,63.0,296.8,Medium,Cloudy,896.48,15.7,2.62,0
S0289,East,Road,368.2,1017.9,High,Clear,3700.48,31.91,4.82,0
S0290,South,Rail,47.3,439.4,High,Rain,790.77,20.74,7.97,0
S0291,West,Air,464.5,629.5,High,Clear,7804.61,7.67,4.18,0
S0292,South,Road,201.8,73.3,High,Rain,1817.8,16.45,5.21,0
S0293,West,Rail,377.7,82.4,High,Clear,2171.87,11.15,2.01,0
S0294,South,Air,307.5,384.4,Medium,Clear,5183.5,3.02,2.13,0
S0295,East,Road,609.0,203.8,Low,Rain,5118.0,8.35,1.72,1
S0296,East,Road,303.0,403.9,Low,Rain,2890.29,16.96,3.62,0
S0297,West,Road,455.3,263.0,Medium,Rain,3986.94,13.84,5.57,0
S0298,South,Road,177.4,1256.3,Low,Rain,2304.27,37.69,3.39,0
S0299,South,Rail,91.6,602.9,Low,Clear,1025.7,15.76,0.0,1
S0300,North,Road,409.2,736.3,High,Clear,3953.32,25.73,7.17,0
S0301,South,Road,89.9,92.6,Low,Clear,959.53,4.64,0.42,1
S0302,West,Road,366.1,536.9,High,Clear,3397.88,24.23,4.54,0
S0303,North,Road,127.8,316.7,Medium,Clear,1459.56,14.61,0.87,1
S0304,West,Air,286.3,743.8,Medium,Rain,5079.96,8.58,3.71,0
S0305,East,Road,615.1,495.4,Medium,Clear,5355.62,16.9,0.75,1
S0306,North,Road,350.8,342.8,Low,Clear,3175.23,7.2,1.06,1
S0307,South,Road,218.3,169.4,Medium,Clear,2030.32,6.63,0.69,1
S0308,East,Road,311.4,380.3,Low,Clear,2900.26,12.71,1.53,1
S0309,South,Road,181.1,650.3,High,Clear,1911.85,24.81,4.6,0
S0310,North,Road,742.2,766.8,Low,Cloudy,6454.5,23.34,0.72,1
S0311,East,Road,159.5,285.8,Low,Clear,1564.38,11.81,0.0,1
S0312,East,Road,231.9,1146.7,Medium,Cloudy,2612.82,33.06,1.22,1
S0313,North,Rail,334.0,623.3,Medium,Rain,2224.2,18.31,4.84,0
S0314,South,Road,299.2,206.3,Medium,Cloudy,2721.97,11.34,2.43,0
S0315,North,Road,317.7,179.1,Medium,Cloudy,2810.81,8.66,3.51,0
S0316,East,Road,183.3,328.0,Low,Clear,1837.6,13.78,0.0,1
S0317,East,Rail,213.2,285.4,Medium,Clear,1378.27,11.69,3.15,0
S0318,East,Road,399.1,459.4,Low,Clear,3600.08,14.73,1.36,1
S0319,West,Road,388.6,358.4,Low,Rain,3518.22,18.38,4.87,0
S0320,West,Road,303.1,299.3,Low,Cloudy,2802.14,7.58,0.84,1
S0321,South,Road,485.6,133.8,Low,Clear,4098.54,5.5,1.22,1
S0322,North,Rail,407.7,503.6,Low,Clear,2585.91,11.96,0.0,1
S0323,East,Road,382.3,126.9,Medium,Rain,3429.13,8.83,5.18,0
S0324,West,Rail,88.9,624.4,Low,Cloudy,984.73,15.01,0.38,1
S0325,West,Rail,301.1,99.0,Low,Cloudy,1762.04,2.37,0.0,1
S0326,North,Road,272.2,122.5,Medium,Rain,2415.42,12.24,3.16,0
S0327,North,Air,518.9,205.7,Low,Cloudy,8341.15,5.72,0.91,1
S0328,North,Road,36.2,271.0,Medium,Cloudy,610.34,13.23,1.79,1
S0329,North,Rail,224.6,239.6,High,Clear,1477.98,8.28,4.35,0
S0330,East,Road,260.0,270.3,Medium,Clear,2329.28,9.49,0.0,1
S0331,East,Road,126.8,408.3,High,Rain,1366.02,22.99,5.09,0
S0332,South,Road,141.8,208.5,Low,Cloudy,1420.86,8.53,2.55,0
S0333,South,Road,519.8,410.4,Low,Clear,4555.03,6.87,1.08,1
S0334,West,Road,317.1,73.9,Medium,Cloudy,2726.3,10.18,1.28,1
S0335,South,Air,615.9,203.9,Medium,Clear,9828.86,5.19,1.62,1
S0336,West,Road,222.3,118.9,High,Rain,2027.15,12.33,8.01,0
S0337,West,Road,101.9,620.5,Low,Clear,1385.39,20.52,1.34,1
S0338,South,Road,204.6,225.1,Medium,Rain,1935.15,11.93,4.66,0
S0339,North,Road,185.0,486.6,Medium,Clear,1949.58,15.79,3.4,0
S0340,West,Road,357.4,106.3,Low,Clear,3067.88,5.59,0.0,1
S0341,East,Air,349.7,759.9,Low,Clear,6049.76,7.38,0.04,1
S0342,South,Road,325.6,370.2,High,Rain,3009.08,24.31,7.72,0
S0343,East,Road,718.4,965.9,Low,Clear,6506.06,28.21,1.13,1
S0344,East,Road,470.6,346.7,High,Clear,4174.73,18.14,4.08,0
S0345,West,Road,147.8,134.8,Medium,Cloudy,1468.92,10.79,2.68,0
S0346,South,Road,414.8,189.1,Medium,Clear,3596.99,6.71,1.67,1
S0347,West,Rail,250.6,304.8,Medium,Clear,1664.23,11.46,0.48,1
S0348,West,Road,218.8,193.4,High,Clear,2095.26,11.47,4.98,0
S0349,North,Air,502.1,587.4,Low,Rain,8249.76,6.83,1.53,1
S0350,North,Road,142.2,363.9,Low,Clear,1483.18,11.08,0.0,1
S0351,East,Road,400.1,194.9,Medium,Clear,3497.97,10.73,1.33,1
S0352,North,Rail,366.7,538.9,Medium,Clear,2406.08,14.56,2.42,0
S0353,South,Air,140.6,281.8,Low,Clear,2468.96,1.0,0.0,1
S0354,South,Rail,87.0,525.6,Low,Clear,917.37,11.95,1.23,1
S0355,West,Air,235.3,256.2,Low,Clear,3962.89,3.91,0.0,1
S0356,West,Rail,34.1,468.2,Low,Clear,492.99,11.49,1.58,1
S0357,North,Rail,440.6,276.1,Low,Clear,2610.9,6.79,0.0,1
S0358,West,Road,300.5,587.5,High,Rain,2898.47,30.07,8.15,0
S0359,North,Rail,510.8,107.7,Low,Clear,2886.58,4.64,2.3,0
S0360,East,Road,289.4,161.2,High,Clear,2661.74,13.2,3.82,0
S0361,West,Road,529.0,320.6,High,Rain,4521.46,21.73,9.03,0
S0362,West,Road,173.9,231.1,Low,Rain,1652.95,11.88,2.9,0
S0363,North,Air,325.1,271.2,Medium,Cloudy,5224.54,4.05,3.02,0
S0364,West,Air,196.1,498.0,Medium,Clear,3467.0,1.0,1.71,1
S0365,North,Road,231.2,267.9,Medium,Clear,2155.18,10.5,2.68,0
S0366,East,Rail,259.5,418.6,Low,Clear,1731.58,11.28,0.0,1
S0367,South,Rail,300.0,203.1,Low,Clear,1912.63,4.92,0.0,1
S0368,South,Road,160.2,94.2,Low,Clear,1560.74,6.24,0.0,1
S0369,North,Road,316.7,523.8,Medium,Cloudy,3005.97,19.61,3.41,0
S0370,West,Road,252.3,854.3,High,Clear,2647.88,33.32,5.5,0
S0371,South,Rail,105.4,394.5,Medium,Cloudy,1001.5,12.02,3.54,0
S0372,East,Road,79.2,330.7,Medium,Clear,994.4,14.23,3.53,0
S0373,South,Air,441.4,371.5,High,Clear,7181.02,9.83,2.73,0
S0374,South,Road,224.8,703.0,Medium,Cloudy,2270.66,27.3,3.03,0
S0375,West,Air,98.6,397.2,Low,Rain,1902.49,2.01,0.98,1
S0376,North,Road,575.5,537.8,High,Clear,5121.3,21.14,7.23,0
S0377,East,Rail,334.2,524.8,Medium,Cloudy,2331.69,16.91,3.44,0
S0378,East,Road,295.6,614.8,Low,Clear,2886.33,21.58,1.5,1
S0379,South,Road,151.8,326.7,Medium,Clear,1531.99,13.63,0.31,1
S0380,South,Rail,104.5,254.2,High,Cloudy,798.04,12.98,5.04,0
S0381,North,Air,272.4,471.1,Low,Clear,4691.66,4.57,0.61,1
S0382,West,Rail,243.5,591.1,Medium,Clear,1674.25,17.16,1.89,1
S0383,West,Road,128.1,652.9,Low,Clear,1594.16,18.39,1.96,1
S0384,North,Road,125.4,750.4,Low,Clear,1640.89,22.47,3.77,0
S0385,North,Road,121.6,562.2,Low,Clear,1486.01,19.39,0.0,1
S0386,North,Road,119.0,246.0,Medium,Clear,1255.22,15.13,0.81,1
S0387,North,Road,170.6,394.3,High,Rain,1792.74,23.01,6.59,0
S0388,West,Rail,295.7,374.9,Low,Cloudy,1933.24,9.91,2.83,0
S0389,West,Rail,323.2,352.2,Low,Clear,2011.55,8.28,1.25,1
S0390,North,Rail,240.7,471.6,Low,Clear,1792.79,11.8,0.0,1
S0391,East,Rail,265.5,309.6,Low,Cloudy,1711.54,8.37,0.94,1
S0392,North,Rail,331.6,309.9,Medium,Clear,2117.43,10.55,0.69,1
S0393,South,Road,67.1,882.8,Medium,Clear,1069.32,25.4,3.93,0
S0394,East,Road,277.1,336.5,Medium,Cloudy,2652.08,17.21,2.65,0
S0395,East,Road,481.9,612.4,Medium,Clear,4452.8,18.11,1.96,1
S0396,West,Rail,221.5,631.9,Medium,Clear,1680.99,15.04,2.76,0
S0397,North,Road,431.8,400.4,Low,Clear,3885.35,12.75,0.0,1
S0398,North,Road,223.8,316.9,Low,Clear,2175.41,14.72,0.1,1
S0399,South,Road,343.6,208.0,High,Clear,3007.85,12.54,4.12,0
S0400,South,Road,292.4,125.8,Medium,Rain,2618.48,9.35,5.28,0
S0401,West,Road,120.4,490.3,High,Clear,1368.39,19.69,6.65,0
S0402,West,Rail,137.9,436.7,High,Cloudy,1103.78,20.59,6.35,0
S0403,South,Road,529.0,530.4,Medium,Cloudy,4765.7,13.27,3.75,0
S0404,West,Road,384.4,263.7,High,Clear,3453.84,12.73,3.88,0
S0405,South,Rail,232.4,931.7,Medium,Clear,1862.06,27.45,2.17,0
S0406,East,Road,215.4,458.3,Low,Clear,2114.92,15.36,1.21,1
S0407,South,Rail,152.5,329.3,Low,Cloudy,1118.61,6.55,1.11,1
S0408,North,Road,306.1,90.6,Low,Clear,2718.93,4.29,0.0,1
S0409,West,Road,160.3,281.2,Low,Cloudy,1562.06,10.55,0.55,1
S0410,North,Road,199.6,544.3,Medium,Rain,2095.78,23.69,5.32,0
S0411,North,Road,170.2,739.8,Medium,Cloudy,1989.57,29.02,3.43,0
S0412,North,Rail,371.5,359.1,Medium,Rain,2304.45,14.88,6.49,0
S0413,South,Road,227.0,805.9,Medium,Cloudy,2494.8,25.52,4.34,0
S0414,North,Road,266.6,198.7,Low,Rain,2405.35,11.96,4.5,0
S0415,North,Road,121.8,444.1,Medium,Rain,1386.89,17.65,5.25,0
S0416,East,Rail,169.5,451.1,Medium,Cloudy,1255.76,11.43,2.74,0
S0417,West,Rail,269.9,492.5,Low,Rain,1910.3,10.08,1.58,1
S0418,North,Air,90.0,387.2,Low,Rain,1745.8,2.3,2.71,0
S0419,South,Road,217.5,430.7,Low,Clear,2176.12,11.36,0.12,1
S0420,East,Road,244.9,195.9,Low,Cloudy,2243.02,5.56,0.0,1
S0421,West,Road,112.7,701.3,High,Clear,1409.41,27.14,4.62,0
S0422,East,Road,421.6,579.6,Medium,Rain,3838.08,20.11,4.75,0
S0423,West,Air,298.1,421.3,Medium,Clear,5108.32,1.0,2.12,0
S0424,East,Rail,226.1,587.1,Low,Rain,1689.72,13.38,3.52,0
S0425,South,Road,162.4,713.5,High,Cloudy,1816.12,26.74,5.44,0
S0426,North,Road,87.9,488.6,Medium,Rain,1168.72,19.03,5.61,0
S0427,West,Air,404.3,986.8,Low,Clear,6981.35,7.24,0.0,1
S0428,West,Road,189.1,511.0,Medium,Cloudy,2163.82,17.6,0.0,1
S0429,North,Road,101.9,214.3,Medium,Cloudy,1128.75,13.08,2.19,0
S0430,East,Road,159.7,409.6,Medium,Rain,1661.95,18.24,6.28,0
S0431,North,Road,315.5,599.6,Low,Rain,3111.88,20.69,1.54,1
S0432,East,Road,281.4,713.9,Medium,Cloudy,2722.59,22.45,3.66,0
S0433,West,Road,128.4,391.8,Low,Cloudy,1427.88,13.18,3.06,0
S0434,North,Road,443.0,204.4,Low,Clear,3946.11,5.7,0.0,1
S0435,South,Road,101.1,313.0,Low,Rain,1154.56,13.61,2.99,0
S0436,North,Road,492.3,153.6,High,Clear,4107.55,11.52,2.46,0
S0437,East,Road,274.9,540.1,Low,Cloudy,2654.48,15.13,3.26,0
S0438,West,Air,197.5,279.1,Medium,Cloudy,3474.75,8.22,2.43,0
S0439,North,Rail,213.4,234.5,Low,Clear,1439.34,7.2,0.06,1
S0440,South,Road,257.8,569.1,High,Clear,2509.27,21.99,6.48,0
S0441,West,Road,328.8,797.0,Medium,Clear,3211.06,25.79,3.68,0
S0442,South,Rail,78.7,233.9,High,Rain,687.1,15.07,5.95,0
S0443,North,Road,156.7,393.3,Low,Clear,1669.78,10.44,0.0,1
S0444,South,Road,253.2,320.6,Low,Clear,2455.53,10.59,0.64,1
S0445,East,Air,452.1,731.9,Medium,Cloudy,7647.98,5.54,1.78,1
S0446,East,Road,442.9,341.8,Low,Clear,3936.27,8.92,0.0,1
S0447,South,Rail,546.9,193.0,High,Rain,3056.79,10.94,6.61,0
S0448,West,Road,431.6,351.0,High,Clear,3752.81,16.45,2.64,0
S0449,East,Road,149.8,649.7,Medium,Clear,1765.06,22.84,4.59,0
S0450,South,Road,244.3,309.9,High,Clear,2230.84,14.63,4.48,0
S0451,West,Road,433.0,248.5,Medium,Clear,3768.27,16.59,1.07,1
S0452,West,Road,410.5,333.1,Low,Clear,3663.93,12.71,0.0,1
S0453,South,Road,219.5,196.7,Medium,Cloudy,1981.62,13.55,0.54,1
S0454,North,Rail,323.9,320.3,Low,Clear,1984.11,9.57,0.0,1
S0455,East,Road,188.5,259.5,High,Clear,1825.55,18.91,5.83,0
S0456,East,Road,96.2,1085.1,Low,Clear,1574.11,28.82,4.18,0
S0457,North,Rail,230.5,103.6,Low,Clear,1493.96,1.0,0.87,1
S0458,East,Rail,222.8,213.8,Medium,Rain,1489.54,10.41,4.25,0
S0459,West,Road,183.4,248.4,Low,Clear,1787.87,9.76,0.0,1
S0460,North,Road,329.6,197.5,Low,Rain,2884.38,10.53,1.59,1
S0461,East,Air,215.4,446.5,Medium,Clear,3705.38,5.96,4.1,0
S0462,North,Road,305.0,231.5,Low,Clear,2719.23,11.0,0.0,1
S0463,East,Rail,367.9,143.7,Medium,Clear,2194.66,7.95,4.16,0
S0464,South,Air,765.6,373.8,Low,Clear,12270.9,4.48,1.67,1
S0465,North,Rail,232.7,299.7,Low,Cloudy,1439.38,6.38,0.0,1
S0466,West,Road,455.5,237.9,Low,Clear,3911.63,5.85,0.0,1
S0467,North,Road,279.2,721.9,Medium,Clear,2876.89,27.05,2.19,0
S0468,East,Road,288.1,454.8,High,Cloudy,2739.3,21.19,5.6,0
S0469,North,Road,234.5,427.1,Low,Cloudy,2212.97,12.87,1.06,1
S0470,West,Air,265.9,460.4,High,Rain,4684.24,10.52,10.24,0
S0471,East,Road,216.5,447.5,Medium,Rain,2156.53,17.85,3.66,0
S0472,West,Road,413.4,308.5,Medium,Cloudy,3678.01,12.06,2.96,0
S0473,South,Road,160.1,232.9,Medium,Rain,1610.87,10.81,5.13,0
S0474,South,Air,95.7,378.5,Medium,Cloudy,1851.31,2.93,2.52,0
S0475,East,Road,179.9,305.3,High,Clear,1747.1,15.61,4.48,0
S0476,West,Road,169.0,102.7,Medium,Cloudy,1705.18,6.9,1.27,1
S0477,West,Road,179.9,187.4,Medium,Clear,1777.45,11.87,1.9,1
S0478,North,Road,227.6,283.6,Low,Cloudy,2201.99,11.11,1.6,1
S0479,East,Road,180.2,575.8,Low,Rain,1969.99,20.74,3.95,0
S0480,North,Road,225.8,379.4,Medium,Clear,2139.89,12.85,2.54,0
S0481,South,Road,180.6,209.1,Low,Rain,1810.07,10.24,4.41,0
S0482,West,Road,308.5,177.8,Low,Rain,2699.42,10.47,3.86,0
S0483,South,Road,761.9,643.3,Low,Clear,6644.6,20.5,0.93,1
S0484,West,Road,276.1,316.7,Low,Clear,2472.82,10.13,0.0,1
S0485,South,Road,184.8,53.0,Medium,Rain,1575.3,11.27,3.71,0
S0486,North,Road,52.9,328.3,Medium,Rain,801.27,16.16,4.55,0
S0487,South,Road,626.7,509.4,Medium,Clear,5429.27,19.65,2.7,0
S0488,East,Road,284.7,174.5,Low,Clear,2444.17,5.51,0.0,1
S0489,West,Road,224.7,363.4,Medium,Cloudy,2207.2,11.08,1.49,1
S0490,East,Road,54.8,382.8,Medium,Clear,945.54,15.16,0.61,1
S0491,West,Road,231.3,180.9,Medium,Clear,2206.32,10.86,0.0,1
S0492,West,Road,264.7,675.2,Medium,Clear,2654.81,23.53,2.43,0
S0493,West,Rail,180.9,386.5,Medium,Clear,1333.74,12.46,0.06,1
S0494,East,Road,107.0,282.7,Medium,Cloudy,1240.31,12.17,1.5,1
S0495,South,Road,102.7,317.9,High,Cloudy,1238.16,15.59,4.77,0
S0496,South,Road,632.1,160.7,Medium,Cloudy,5306.29,10.94,1.0,1
S0497,North,Road,260.5,156.7,Medium,Cloudy,2352.06,10.56,3.03,0
S0498,South,Road,180.9,267.7,Medium,Clear,1790.97,10.31,2.54,0
S0499,West,Rail,251.9,277.4,Low,Clear,1672.91,9.48,0.0,1
S0500,South,Rail,242.4,306.1,High,Clear,1601.52,11.62,3.51,0
